length,year,format,object_number
2412,2001,jpg,AK-MAK-1117
1776,2002,jpg,AK-MAK-1188
1797,2001,jpg,AK-MAK-1237
2058,2002,jpg,AK-MAK-1291
1869,2001,jpg,AK-MAK-1307
1709,2001,jpg,AK-MAK-1318
2436,2001,jpg,AK-MAK-1462
2637,2001,jpg,AK-MAK-1464-A
2013,2001,jpg,AK-MAK-156
1546,2002,jpg,AK-MAK-162
2127,2001,jpg,MAK-178
2339,2002,jpg,AK-MAK-187
2832,2001,jpg,AK-MAK-232-A
1905,2001,jpg,AK-MAK-239
2090,2001,jpg,AK-MAK-240
2300,2001,jpg,AK-MAK-247
2107,2001,jpg,AK-MAK-251
1892,2001,jpg,AK-MAK-311
1672,2001,jpg,AK-MAK-314
1897,2001,jpg,AK-MAK-51
2130,2002,jpg,AK-MAK-524-A
1622,2001,jpg,AK-MAK-559
1616,2001,jpg,AK-MAK-590
1569,2002,jpg,AK-MAK-615
2458,2001,jpg,AK-MAK-65
1807,2001,jpg,AK-MAK-675
2238,2001,jpg,AK-MAK-682
2200,2003,jpg,AK-MAK-701
2216,2001,jpg,AK-MAK-71
2388,2002,jpg,AK-MAK-84
2124,2001,jpg,AK-MAK-9
2279,2003,jpg,AK-NM-12249
2088,2001,jpg,AK-NM-6462
2102,2001,jpg,AK-NM-6520
3788,2003,jpg,AK-NM-6620
2075,2002,jpg,AK-NM-7050
2131,2002,jpg,AK-NM-7060
2137,2002,jpg,AK-NM-7088
8916,2003,jpg,AK-RAK-1968-1-A
1910,2002,jpg,AK-RAK-1988-18
1729,2001,jpg,AK-RAK-1988-2
1843,2001,jpg,AK-RAK-1989-2
1287,2003,jpg,AK-RAK-1990-17
1851,2001,jpg,AK-RAK-1990-3
1672,2001,jpg,AK-RAK-1991-10
1955,2002,jpg,AK-RAK-1992-1
2208,2002,jpg,AK-RAK-1997-1
1660,2002,jpg,AK-RAK-2000-15
3322,2002,jpg,AK-RBK-1965-88
7629,2004,jpg,AK-MAK-1231
4295,2004,jpg,AK-MAK-1271
2556,2004,jpg,AK-MAK-1271
8526,2004,jpg,AK-MAK-1291
9843,2004,jpg,AK-MAK-187
13834,2004,jpg,AK-MAK-187
6697,2004,jpg,AK-MAK-187
4239,2004,jpg,AK-MAK-239
6119,2004,jpg,AK-MAK-239
4696,2004,jpg,AK-MAK-247
6204,2004,jpg,AK-MAK-247
4550,2004,jpg,AK-MAK-248
5585,2004,jpg,AK-MAK-248
4400,2004,jpg,AK-MAK-251
8070,2004,jpg,AK-MAK-251
7935,2004,jpg,AK-MAK-311
6033,2004,jpg,AK-MAK-389
2205,2004,jpg,AK-MAK-507
4075,2004,jpg,AK-MAK-559
3210,2004,jpg,AK-MAK-605
8313,2004,jpg,AK-MAK-615
3569,2004,jpg,AK-MAK-615
6944,2004,jpg,AK-MAK-675
3497,2004,jpg,AK-MAK-701
4081,2004,jpg,AK-MAK-71
5802,2004,jpg,AK-MAK-9
6006,2004,jpg,AK-MAK-9
4612,2004,jpg,AK-NM-12249
7537,2004,jpg,AK-RAK-1966-2
6040,2004,jpg,AK-RAK-1988-18
11168,2004,jpg,AK-MAK-239
6528,2004,jpg,AK-MAK-239
4976,2004,jpg,AK-MAK-240
4679,2004,jpg,AK-MAK-240
11461,2004,jpg,AK-MAK-1291
6576,2004,jpg,AK-MAK-1318
10138,2004,jpg,AK-MAK-162
11027,2004,jpg,AK-MAK-224
10285,2004,jpg,AK-MAK-294
12911,2004,jpg,AK-MAK-524
9099,2004,jpg,AK-MAK-682
13081,2004,jpg,AK-MAK-701
11995,2004,jpg,AK-MAK-84
14582,2004,jpg,AK-NM-6520
72236,2004,jpg,AK-RAK-1968-1-A
3314,2001,jpg,BIBL-325-A-7
2583,2001,jpg,BIBL-326-F-16
1443,2001,jpg,BIBL-34-A-13
414799,2003,jpg,BIBL-327-J-10
544900,2004,jpg,BIBL-327-J-14
397021,2004,jpg,BIBL-329-C-26
27400,2004,jpg,BIBL-323-B-15
31545,2004,jpg,BIBL-327-J-10
22326,2004,jpg,BIBL-329-B-19
14718,2004,jpg,BIBL-564-A-2
36918,2004,jpg,BIBL-F-351-E-2-3
33694,2004,jpg,BIBL-F-351-E-2-3
3253,2004,jpg,BIBL-TS-0410
2982,2004,jpg,BIBL-TS-0410
3476,2004,jpg,BIBL-TS-0410
3114,2004,jpg,BIBL-TS-0410
35744,2004,jpg,BIBL-327-J-10
23960,2002,jpg,BK-1961-102
23380,2002,jpg,BK-1961-103
9541,2004,jpg,BK-KOG-1458
2836,2001,jpg,BK-14517
2550,2001,jpg,BK-14692
1677,2003,jpg,BK-14852-A
1559,2003,jpg,BK-14915
2407,2001,jpg,BK-14980
1671,2001,jpg,BK-15116
2449,2001,jpg,BK-15117
3034,2001,jpg,BK-15119
2656,2003,jpg,BK-15337
2023,2001,jpg,BK-15378
2585,2001,jpg,BK-15396
2089,2001,jpg,BK-15397
1936,2004,jpg,BK-15438
2260,2001,jpg,BK-15784
2443,2003,jpg,BK-15982
2129,2003,jpg,BK-16019
2332,2002,jpg,BK-16035
3278,2001,jpg,BK-16089
2046,2001,jpg,BK-16117
2005,2001,jpg,BK-16127
2562,2002,jpg,BK-16384
2216,2002,jpg,BK-16431
2533,2002,jpg,BK-16444-A
2238,2002,jpg,BK-16464
2154,2001,jpg,BK-16480
2099,2001,jpg,BK-16502
1822,2001,jpg,BK-16550
2498,2003,jpg,BK-16625
2447,2002,jpg,BK-16628
2500,2002,jpg,BK-16629
2767,2002,jpg,BK-16643
2331,2001,jpg,BK-16676
2714,2002,jpg,BK-16709
2228,2001,jpg,BK-16911
2194,2002,jpg,BK-16912
1882,2003,jpg,BK-16915
1882,2001,jpg,BK-16917
2011,2001,jpg,BK-16923
1635,2001,jpg,BK-16933
1864,2001,jpg,BK-16936
1706,2001,jpg,BK-16937
1837,2001,jpg,BK-16938
2098,2002,jpg,BK-16939
2782,2002,jpg,BK-16985
3030,2001,jpg,BK-16986
1746,2001,jpg,BK-17040
2593,2001,jpg,BK-17045
1902,2001,jpg,BK-17064
2921,2002,jpg,BK-17260-A
1693,2001,jpg,BK-17397
2225,2003,jpg,BK-17420
2362,2002,jpg,BK-17421-A
2006,2002,jpg,BK-17457
1944,2003,jpg,BK-17492
1918,2001,jpg,BK-17494
1807,2002,jpg,BK-17496
2109,2001,jpg,BK-17523
2246,2001,jpg,BK-18305
1775,2002,jpg,BK-1954-37
2261,2001,jpg,BK-1954-44
2735,2001,jpg,BK-1954-69
2020,2001,jpg,BK-1955-328-A
3434,2001,jpg,BK-1955-99
2822,2001,jpg,BK-1956-62
1945,2003,jpg,BK-1956-8
1750,2001,jpg,BK-1957-14
1614,2001,jpg,BK-1958-44
2123,2002,jpg,BK-1959-10
2464,2001,jpg,BK-1959-14
1892,2002,jpg,BK-1959-19
1935,2001,jpg,BK-1959-2
1684,2001,jpg,BK-1959-3
2168,2001,jpg,BK-1959-51
1759,2001,jpg,BK-1959-61
2699,2003,jpg,BK-1959-63
2214,2001,jpg,BK-1959-78
3597,2001,jpg,BK-1959-83
2880,2001,jpg,BK-1959-98
1893,2001,jpg,BK-1960-11
2554,2001,jpg,BK-1960-13
2452,2001,jpg,BK-1960-14
2776,2001,jpg,BK-1960-15
1882,2001,jpg,BK-1960-16-A
3177,2001,jpg,BK-1961-101
3215,2001,jpg,BK-1961-102
3412,2001,jpg,BK-1961-103
1827,2002,jpg,BK-1961-63
2302,2002,jpg,BK-1962-33
2819,2001,jpg,BK-1962-49
2630,2001,jpg,BK-1962-50
1956,2002,jpg,BK-1963-101
2776,2001,jpg,BK-1964-12
2041,2001,jpg,BK-1964-13
2197,2002,jpg,BK-1964-14-A
2552,2002,jpg,BK-1964-5
2085,2002,jpg,BK-1965-14
1543,2001,jpg,BK-1966-10
3255,2002,jpg,BK-1966-48
2900,2001,jpg,BK-1966-58
3182,2001,jpg,BK-1967-138
2795,2001,jpg,BK-1967-25
2081,2002,jpg,BK-1968-30
1470,2002,jpg,BK-1969-102-A
2466,2003,jpg,BK-1969-141
2029,2003,jpg,BK-1970-28
2451,2001,jpg,BK-1971-115-A
3747,2002,jpg,BK-1971-117
1958,2001,jpg,BK-1972-157-A
2120,2000,jpg,BK-1973-158
1633,2003,jpg,BK-1975-101
4131,2002,jpg,BK-1975-359
4567,2002,jpg,BK-1975-80
2289,2001,jpg,BK-1975-81
2341,2001,jpg,BK-1975-87-A
2042,2001,jpg,BK-1976-75
3471,2001,jpg,BK-1977-134
1740,2001,jpg,BK-1977-24
1723,2001,jpg,BK-1978-126
1947,2001,jpg,BK-1978-20
1954,2001,jpg,BK-1978-247
2409,2001,jpg,BK-1978-248
2545,2001,jpg,BK-1978-250
2652,2001,jpg,BK-1978-315
2295,2001,jpg,Bk-1978-36
1947,2001,jpg,BK-1978-462
3112,2001,jpg,BK-1978-48
2107,2001,jpg,BK-1978-792
2590,2001,jpg,BK-1979-101
2327,2003,jpg,BK-1979-21
3670,2001,jpg,BK-1980-86
1598,2002,jpg,BK-1981-51
2030,2001,jpg,BK-1983-15
2111,2001,jpg,BK-1984-12
2309,2002,jpg,BK-1985-10
2198,2001,jpg,BK-1985-24
1730,2002,jpg,BK-1987-2
1841,2001,jpg,BK-1988-15-A
2952,2002,jpg,BK-1989-16
2648,2001,jpg,BK-1990-1
2461,2001,jpg,BK-1990-7
2390,2001,jpg,BK-1991-00
1608,2001,jpg,BK-1995-4
2067,2001,jpg,BK-1996-15
1864,2001,jpg,BK-1997-1
2125,2002,jpg,BK-1998-1
1487,2001,jpg,BK-1998-74
2223,2001,jpg,bk-1998-96
2763,2002,jpg,BK-1999-85
2102,2001,jpg,BK-2000-17
1788,2001,jpg,BK-2000-2
2371,2001,jpg,BK-2000-3
2118,2001,jpg,BK-2000-8
2520,2002,jpg,BK-2000-9
2792,2001,jpg,BK-A-16978
2552,2001,jpg,BK-AM-12
1451,2001,jpg,BK-AM-16
2524,2001,jpg,BK-AM-17
1856,2002,jpg,BK-AM-24
2412,2002,jpg,BK-Am-33
2210,2002,jpg,BK-Am-38
2488,2002,jpg,BK-Am-51-10
2107,2002,jpg,BK-Am-51-11
3324,2001,jpg,BK-Am-51-21
3473,2001,jpg,BK-AM-51-24-A-1
1650,2001,jpg,BK-Am-51-3
1643,2001,jpg,BK-Am-51-7
1818,2001,jpg,BK-B-113
1930,2001,jpg,BK-B-116
2012,2001,jpg,BK-B-44
1840,2001,jpg,BK-B-70
1911,2001,jpg,BK-B-77
1705,2001,jpg,BK-B-81
1772,2001,jpg,BK-B-93
2622,2002,jpg,BK-Bfr-417
2299,2001,jpg,BK-Bfr-419
2083,2001,jpg,BK-BR-547
1892,2001,jpg,BK-Br-921
1857,2001,jpg,BK-BR-J-17
1758,2001,jpg,BK-BR-J-233
1839,2001,jpg,BK-C-1997-2
2086,2001,jpg,BK-KOG-102
1488,2001,jpg,BK-KOG-117
3436,2002,jpg,BK-KOG-1208
1739,2001,jpg,BK-KOG-133
2324,2001,jpg,BK-KOG-1457
2710,2001,jpg,BK-KOG-1458
1738,2002,jpg,BK-KOG-1557
1519,2001,jpg,BK-KOG-1668
1473,2002,jpg,BK-KOG-1723
2079,2002,jpg,BK-KOG-1777
2663,2001,jpg,BK-KOG-1799
2701,2002,jpg,BK-KOG-1810
1716,2001,jpg,BK-KOG-2474
2209,2001,jpg,BK-KOG-2567
3998,2001,jpg,BK-KOG-41
2622,2001,jpg,BK-KOG-42
2237,2002,jpg,BK-KOG-593
2236,2001,jpg,BK-KOG-656
2089,2002,jpg,BK-NM-1009
3285,2001,jpg,BK-NM-1010
2523,2001,jpg,BK-NM-10222
3023,2001,jpg,BK-NM-10244-A
2151,2001,jpg,BK-NM-10269
2700,2001,jpg,BK-NM-10513
2488,2001,jpg,BK-NM-10515
2008,2001,jpg,BK-NM-10557
1780,2001,jpg,BK-NM-10754-336
1769,2001,jpg,BK-NM-10754-50
2241,2002,jpg,BK-NM-10798
8031,2004,jpg,BK-NM-10831
3055,2002,jpg,BK-NM-11131
2565,2001,jpg,BK-NM-11146
2088,2002,jpg,BK-NM-11163
1923,2001,jpg,BK-NM-11450
2249,2001,jpg,BK-NM-11452
2409,2001,jpg,BK-NM-11647
3121,2001,jpg,BK-NM-11702
1887,2001,jpg,BK-NM-11713
2539,2001,jpg,BK-NM-11859
1748,2001,jpg,BK-NM-1195
2023,2001,jpg,BK-NM-12080
1697,2001,jpg,BK-NM-1213
3088,2001,jpg,BK-NM-12231-A
2426,2001,jpg,BK-NM-12253
2602,2002,jpg,BK-NM-12400-400
2073,2002,jpg,BK-NM-12400-437
2353,2002,jpg,BK-NM-12400-443
2621,2001,jpg,BK-NM-12400-61
2053,2003,jpg,BK-NM-12400-93
2569,2001,jpg,BK-NM-125
2727,2001,jpg,BK-NM-12713
3224,2001,jpg,BK-NM-12969
1801,2001,jpg,BK-NM-13030
2319,2001,jpg,BK-NM-13112
2170,2001,jpg,BK-NM-13150
2379,2001,jpg,BK-NM-13258
2027,2002,jpg,BK-NM-14111
2900,2003,jpg,BK-NM-14201
2065,2002,jpg,BK-NM-14202
2508,2002,jpg,BK-NM-14348
2414,2002,jpg,BK-NM-14382
2265,2002,jpg,BK-NM-1914
3136,2001,jpg,BK-NM-1916
2345,2001,jpg,BK-NM-1971
1685,2003,jpg,BK-NM-2384
1887,2002,jpg,BK-NM-2806
2026,2003,jpg,BK-NM-2807
1898,2001,jpg,BK-NM-2865
2322,2002,jpg,BK-NM-2931
1804,2001,jpg,BK-NM-2934
2323,2001,jpg,BK-NM-3099
1875,2001,jpg,BK-NM-3888
2522,2002,jpg,BK-NM-3932
2219,2003,jpg,BK-NM-4150
1865,2001,jpg,BK-NM-4191
2355,2001,jpg,BK-NM-4352
9009,2004,jpg,BK-NM-475
1770,2001,jpg,BK-NM-5153
1638,2001,jpg,BK-NM-5445
2552,2001,jpg,BK-NM-5671
1916,2001,jpg,BK-NM-583
2098,2002,jpg,BK-NM-5837
2332,2002,jpg,BK-NM-5850
2174,2001,jpg,BK-NM-712
3042,2001,jpg,BK-NM-7325
3489,2002,jpg,BK-NM-7402
1952,2001,jpg,BK-NM-7459
1672,2002,jpg,BK-NM-7994
1619,2001,jpg,BK-NM-7995
1940,2001,jpg,BK-NM-8009
1999,2001,jpg,BK-NM-8016
2048,2001,jpg,BK-NM-8186
2015,2001,jpg,BK-NM-8188
1738,2001,jpg,BK-NM-8201
1857,2001,jpg,BK-NM-88
1923,2001,jpg,BK-NM-8845
1896,2001,jpg,BK-NM-9001
1855,2002,jpg,BK-NM-9387
1822,2004,jpg,BK-NM-9816
2260,2001,jpg,BK-VBR-199
1912,2002,jpg,BK-VBR-395
490189,2004,jpg,BK-14517
229837,2003,jpg,BK-15116
353632,2002,jpg,BK-15117
557379,2002,jpg,BK-15784
412159,2004,jpg,BK-16502
129006,2002,jpg,BK-16933
207756,2002,jpg,BK-16938
286937,2002,jpg,BK-16939
178743,2004,jpg,BK-18305
290005,2002,jpg,BK-1959-2
495512,2003,jpg,BK-1961-102
592553,2004,jpg,BK-1966-58
228618,2004,jpg,BK-1977-24
1427978,2004,jpg,BK-Am-51-10
479774,2004,jpg,BK-Am-51-11
456916,2004,jpg,BK-Am-51-21
298153,2004,jpg,BK-AM-51-24-A-1
118562,2004,jpg,BK-Am-51-5
259693,2004,jpg,BK-Am-51-6
167261,2004,jpg,BK-Am-51-7
359128,2002,jpg,BK-Bfr-417
351178,2004,jpg,BK-NM-10513
370779,2004,jpg,BK-NM-12080
651713,2004,jpg,BK-NM-12969
299278,2004,jpg,BK-NM-13150
136414,2004,jpg,BK-NM-4191
279476,2004,jpg,BK-NM-4352
130822,2003,jpg,BK-NM-705
314623,2001,jpg,BK-NM-7325
33377,2004,jpg,BK-14656
1298,2004,jpg,BK-14656
52490,2004,jpg,BK-14656
10384,2004,jpg,BK-14692
5860,2004,jpg,BK-14692
10839,2004,jpg,BK-15378
10375,2004,jpg,BK-15378
8279,2004,jpg,BK-15396
11107,2004,jpg,BK-16628
11480,2004,jpg,BK-16628
15531,2004,jpg,BK-16629
14239,2004,jpg,BK-16629
13382,2004,jpg,BK-16643
9130,2004,jpg,BK-16643
8811,2004,jpg,BK-16643
14610,2004,jpg,BK-16643
13900,2004,jpg,BK-16643
3327,2004,jpg,BK-16933
7416,2004,jpg,BK-16933
4958,2004,jpg,BK-17009
22798,2004,jpg,BK-17523
18357,2004,jpg,BK-17523
6924,2004,jpg,BK-18305
9778,2004,jpg,BK-1953-19
2470,2004,jpg,BK-1953-19
7975,2004,jpg,BK-1953-23
15823,2004,jpg,BK-1954-43
12501,2004,jpg,BK-1954-43
16935,2004,jpg,BK-1954-44
11676,2004,jpg,BK-1954-46
11461,2004,jpg,BK-1954-69
11019,2004,jpg,BK-1954-69
11768,2004,jpg,BK-1954-69
7510,2004,jpg,BK-1958-44
7276,2004,jpg,BK-1959-14
8808,2004,jpg,BK-1959-14
6250,2004,jpg,BK-1959-14
6004,2004,jpg,BK-1959-2
4280,2004,jpg,BK-1959-2
8451,2004,jpg,BK-1959-2
11326,2004,jpg,BK-1959-3
4096,2004,jpg,BK-1959-47
38230,2004,jpg,BK-1959-63
9911,2004,jpg,BK-1960-11
3188,2004,jpg,BK-1960-13
12286,2004,jpg,BK-1962-49
13232,2004,jpg,BK-1962-49
11731,2004,jpg,BK-1962-49
9661,2004,jpg,BK-1964-2A
9830,2004,jpg,BK-1964-5
9736,2004,jpg,BK-1965-14
8735,2004,jpg,BK-1965-14
5944,2004,jpg,BK-1965-14
13211,2004,jpg,BK-1965-14
15100,2004,jpg,BK-1966-48
9324,2004,jpg,BK-1967-138
6058,2004,jpg,BK-1969-4
4313,2004,jpg,BK-1972-157
28423,2004,jpg,BK-1975-81
7854,2004,jpg,BK-1975-87-A
7571,2004,jpg,BK-1976-75
5825,2004,jpg,BK-1976-75
10079,2004,jpg,BK-1976-75
5689,2004,jpg,BK-1976-75
16161,2004,jpg,BK-1977-134
27734,2004,jpg,BK-1978-315
6294,2004,jpg,BK-1979-101
46079,2004,jpg,BK-1980-86
46757,2004,jpg,BK-1980-86
23264,2004,jpg,BK-1980-86
22843,2004,jpg,BK-1980-86
11537,2004,jpg,BK-1983-15
15497,2004,jpg,BK-1985-10
15683,2004,jpg,BK-1985-10
7923,2004,jpg,BK-1985-24
11336,2004,jpg,BK-1987-2
3218,2004,jpg,BK-1988-15
11888,2004,jpg,BK-1990-1
8248,2004,jpg,BK-1998-74
8114,2004,jpg,BK-1998-74
35722,2004,jpg,BK-2000-2
17405,2004,jpg,BK-2000-2
10083,2004,jpg,BK-2000-2
7615,2004,jpg,BK-AM-12
6171,2004,jpg,BK-AM-24
6736,2004,jpg,BK-Am-38
5422,2004,jpg,BK-Am-38
5792,2004,jpg,BK-Am-38
5513,2004,jpg,BK-Am-38
12052,2004,jpg,BK-B-93
10479,2004,jpg,BK-KOG-117
11617,2004,jpg,BK-KOG-117
3906,2004,jpg,BK-KOG-117
4586,2004,jpg,BK-KOG-133
5813,2004,jpg,BK-KOG-133
6280,2004,jpg,BK-KOG-133
4913,2004,jpg,BK-KOG-149
4441,2004,jpg,BK-KOG-1710
16560,2004,jpg,BK-KOG-656
11742,2004,jpg,BK-NM-10244
9404,2004,jpg,BK-NM-10244
8857,2004,jpg,BK-NM-10244
8009,2004,jpg,BK-NM-10244
7050,2004,jpg,BK-NM-10515
7605,2004,jpg,BK-NM-10515
18603,2004,jpg,BK-NM-10515
85359,2004,jpg,BK-NM-10556-A
8771,2004,jpg,BK-NM-10754-50
13366,2004,jpg,BK-NM-10754-50
10372,2004,jpg,BK-NM-10754-50
10659,2004,jpg,BK-NM-11647
7323,2004,jpg,BK-NM-11713
12405,2004,jpg,BK-NM-11859
7402,2004,jpg,BK-NM-11859
7995,2004,jpg,BK-NM-1195
8158,2004,jpg,BK-NM-12400-93
7480,2004,jpg,BK-NM-14202
5615,2004,jpg,BK-NM-1971
6554,2004,jpg,BK-NM-2806
7315,2004,jpg,BK-NM-2807
22638,2004,jpg,BK-NM-4313
8866,2004,jpg,BK-NM-5272
20036,2004,jpg,BK-NM-5326
21344,2004,jpg,BK-NM-5326
32600,2004,jpg,BK-NM-5326
29272,2004,jpg,BK-NM-5327
30629,2004,jpg,BK-NM-5327
29784,2004,jpg,BK-NM-5327
29984,2004,jpg,BK-NM-5327
33349,2004,jpg,BK-NM-5671
6096,2004,jpg,BK-NM-712
8898,2004,jpg,BK-NM-7371
7806,2004,jpg,BK-NM-8016
7580,2004,jpg,BK-NM-8186
7041,2004,jpg,BK-NM-8201
8631,2004,jpg,BK-NM-8845
6118,2004,jpg,BK-NM-8845
35484,2004,jpg,BK-1978-315
5161,2004,jpg,BK-1979-101
10457,2004,jpg,BK-1979-101
17463,2004,jpg,BK-14980
31544,2004,jpg,BK-16117
9430,2004,jpg,BK-16464
15779,2004,jpg,BK-16535
9261,2004,jpg,BK-16915
7111,2004,jpg,BK-16933
7589,2004,jpg,BK-16936
8092,2004,jpg,BK-16937
12900,2004,jpg,BK-16986
24479,2004,jpg,BK-17421
17740,2004,jpg,BK-17494
11484,2004,jpg,BK-1953-19
14186,2004,jpg,BK-1954-43
34039,2004,jpg,BK-1954-69
8788,2004,jpg,BK-1957-14
8231,2004,jpg,BK-1959-61
49599,2004,jpg,BK-1959-63
21824,2004,jpg,BK-1961-101
15678,2004,jpg,BK-1961-63
20284,2004,jpg,BK-1962-49
39395,2004,jpg,BK-1964-12
10703,2004,jpg,BK-1964-13
12448,2004,jpg,BK-1965-14
9713,2004,jpg,BK-1967-144
17779,2004,jpg,BK-1970-28
15431,2004,jpg,BK-1971-115-A
10378,2004,jpg,BK-1972-157
7421,2004,jpg,BK-1973-158
29279,2004,jpg,BK-1975-81
19952,2004,jpg,BK-1978-462
12247,2004,jpg,BK-1983-15
27691,2004,jpg,BK-1989-16
19084,2004,jpg,BK-1990-1
16096,2004,jpg,BK-1990-7
11319,2004,jpg,BK-1998-74
8421,2004,jpg,BK-1998-96
36231,2004,jpg,BK-1999-85
17584,2004,jpg,BK-AM-18-C
12042,2004,jpg,BK-Am-51-11
5039,2004,jpg,BK-Am-51-3
9684,2004,jpg,BK-B-116
6948,2004,jpg,BK-B-81
16602,2004,jpg,BK-Bfr-417
15637,2004,jpg,BK-Bfr-419
8519,2004,jpg,BK-C-1997-2
6198,2004,jpg,BK-KOG-117
5420,2004,jpg,BK-KOG-1668
36077,2004,jpg,BK-KOG-2567
13847,2004,jpg,BK-NM-10269
16339,2004,jpg,BK-NM-10513
21416,2004,jpg,BK-NM-10556-A
19521,2004,jpg,BK-NM-10557
30710,2004,jpg,BK-NM-10831
13834,2004,jpg,BK-NM-11163
16137,2004,jpg,BK-NM-11452
8346,2004,jpg,BK-NM-1195
11059,2004,jpg,BK-NM-12080
14842,2004,jpg,BK-NM-12400-91
23251,2004,jpg,BK-NM-12969
12222,2004,jpg,BK-NM-13150
15292,2004,jpg,BK-NM-14382
22268,2004,jpg,BK-NM-1916
9106,2004,jpg,BK-NM-2806
10238,2004,jpg,BK-NM-2807
9056,2004,jpg,BK-NM-4191
14590,2004,jpg,BK-NM-4352
9992,2004,jpg,BK-NM-5850
21260,2004,jpg,BK-NM-7459
6394,2004,jpg,BK-NM-7995
7596,2004,jpg,BK-NM-803
9548,2004,jpg,BK-NM-9001
11247,2004,jpg,BK-VBR-199
23875,2004,jpg,BK-VBR-395
1707,2003,jpg,NG-1972-17
1499,2001,jpg,NG-1977-279-2
2712,2002,jpg,NG-1977-4
2238,2001,jpg,NG-1983-16-A
6844,2003,jpg,NG-1983-3-A
1927,2002,jpg,NG-1991-8
1935,2001,jpg,NG-1993-2
1900,2003,jpg,NG-1997-1
7257,2004,jpg,NG-1998-7-10
1660,2002,jpg,NG-2000-5
1831,2003,jpg,NG-311
1511,2001,jpg,NG-402
3150,2001,jpg,NG-412
2126,2002,jpg,NG-444
2443,2002,jpg,NG-519
2339,2001,jpg,NG-530
1902,2001,jpg,NG-532
3074,2001,jpg,NG-539
1699,2000,jpg,NG-709-1
1885,2001,jpg,NG-71-A
2233,2001,jpg,NG-721
2390,2001,jpg,NG-731
2164,2001,jpg,NG-C-1995-25-1
2068,2001,jpg,NG-KOG-2654
3152,2002,jpg,NG-MC-1269
2575,2002,jpg,NG-MC-1412
2881,2001,jpg,NG-MC-239
1630,2001,jpg,NG-MC-829
2292,2002,jpg,NG-NM-10998
3590,2003,jpg,NG-NM-11552-86
2437,2001,jpg,NG-NM-11911
1463,2002,jpg,NG-NM-548
2231,2001,jpg,NG-NM-6098-1
1983,2001,jpg,NG-NM-6311
2040,2001,jpg,NG-NM-697
1749,2002,jpg,NG-NM-7445
2251,2001,jpg,NG-NM-764
2016,2001,jpg,NG-NM-7687
2275,2001,jpg,NG-NM-825
1726,2001,jpg,NG-NM-9659
1554,2001,jpg,NG-VG-1-406
1892,2001,jpg,NG-VG-1-407-A
2501,2001,jpg,NG-VG-1-482
2431,2001,jpg,NG-VG-1-538
2140,2001,jpg,NG-VG-1-569
2006,2001,jpg,NG-VG-1-594
29284,2004,jpg,NG-1991-20
28990,2004,jpg,NG-1991-20
8001,2004,jpg,NG-2002-23-4
3172,2004,jpg,NG-996
1830,2004,jpg,NG-997
9442,2004,jpg,NG-C-1995-29
4684,2004,jpg,NG-MC-7
7246,2004,jpg,NG-NM-6087-99
17357,2004,jpg,NG-NM-6098-A
7270,2004,jpg,NG-NM-6308
7084,2004,jpg,NG-NM-6311
47643,2004,jpg,NG-NM-764
5608,2004,jpg,NG-1977-279-2
17962,2004,jpg,NG-2000-3
5877,2004,jpg,NG-2002-23-3
10579,2004,jpg,NG-311
29286,2004,jpg,NG-KOG-1208
8187,2004,jpg,NG-NM-6098-1
15723,2004,jpg,NG-NM-9659
14690,2002,jpg,RP-F-F00634
24859,2001,jpg,RP-P-1912-2395
14785,2002,jpg,RP-P-1921-2064
18237,2002,jpg,RP-P-1939-119
17302,2002,jpg,RP-P-1960-134
23889,2002,jpg,RP-P-1962-121
43146,2002,jpg,RP-P-1962-39
14389,2002,jpg,RP-P-1962-9
17803,2002,jpg,RP-P-1979-80
20995,2004,jpg,RP-P-BI-906
21683,2003,jpg,RP-P-OB-1015
18522,2002,jpg,RP-P-OB-241
19495,2001,jpg,RP-P-OB-268
21978,2002,jpg,RP-P-OB-4635
15303,2004,jpg,RP-T-1887-A-1392
16229,2002,jpg,RP-T-1899-A-4301
16859,2003,jpg,RP-T-1953-140
15514,2003,jpg,RP-T-1960-243
18914,2001,jpg,RP-T-1962-65
7576,2002,jpg,RP-T-1973-9
20002,2002,jpg,RP-T-1992-3
1867,2001,jpg,RP-1956-754
4303,2001,jpg,RP-D-00-176
2792,2001,jpg,RP-F-00-565
2039,2001,jpg,RP-F-1996-60
2127,2001,jpg,RP-F-AB-12280-I
2219,2000,jpg,RP-F-AB-12280-M
3427,2001,jpg,RP-F-F00634
8176,2003,jpg,RP-F-F01149-AA
1917,2001,jpg,RP-F-F17662
8714,2003,jpg,RP-P-1878-A-1543
2232,2001,jpg,RP-P-1878-A-1698
3865,2002,jpg,RP-P-1878-A-925
2660,2002,jpg,RP-P-1883-A-6805
2345,2001,jpg,RP-P-1886-A-10296
5258,2003,jpg,RP-P-1888-A-13821
3166,2001,jpg,RP-P-1891-A-16463
2753,2001,jpg,RP-P-1898-A-20523
2393,2001,jpg,RP-P-1912-2395
1910,2001,jpg,RP-P-1921-2064
7458,2003,jpg,RP-P-1921-311
2159,2001,jpg,RP-P-1939-119
6364,2004,jpg,RP-P-1940-257
2840,2001,jpg,RP-P-1944-2829
1744,2001,jpg,RP-P-1949-611
3057,2001,jpg,RP-P-1952-183
3174,2001,jpg,RP-P-1956-25
2349,2001,jpg,RP-P-1956-743
3268,2001,jpg,RP-P-1959-137
2857,2001,jpg,RP-P-1960-134
3696,2000,jpg,RP-P-1962-121
3138,2001,jpg,RP-P-1962-39
2378,2002,jpg,RP-P-1962-65
2064,2000,jpg,RP-P-1962-9
2482,2001,jpg,RP-P-1977-68
2899,2001,jpg,RP-P-1979-80
1449,2002,jpg,RP-P-1982-1
2457,2001,jpg,RP-P-1983-391
2752,2002,jpg,RP-P-1992-70
2065,2002,jpg,RP-P-1999-548
8009,2003,jpg,RP-P-BI-4211
2917,2001,jpg,RP-P-BI-5321
2147,2001,jpg,RP-P-BI-7417
2530,2001,jpg,RP-P-BI-7437
2470,2001,jpg,RP-P-BI-906
2686,2001,jpg,RP-P-FM-1009
2177,2001,jpg,RP-P-FM-1137
2386,2001,jpg,RP-P-FM-1157-A
3852,2001,jpg,RP-P-FM-1854
2398,2001,jpg,RP-P-FM-2182
3840,2001,jpg,RP-P-FM-3786
3539,2001,jpg,RP-P-FM-5466
2739,2001,jpg,RP-P-FM-894
2334,2001,jpg,RP-P-H-OB-808
4339,2003,jpg,RP-P-H-OB-848
6037,2004,jpg,RP-P-OB-10
3677,2001,jpg,RP-P-OB-1015
2521,2001,jpg,RP-P-OB-10405
1365,2001,jpg,RP-P-OB-11
2599,2001,jpg,RP-P-OB-1155
6006,2003,jpg,RP-P-OB-12
2312,2001,jpg,RP-P-OB-1281
3001,2002,jpg,RP-P-OB-12859
3268,2001,jpg,RP-P-OB-15
3204,2001,jpg,RP-P-OB-15333
2789,2001,jpg,RP-P-OB-15540
3464,2001,jpg,RP-P-OB-1722
2353,2003,jpg,RP-P-OB-184
2148,2001,jpg,RP-P-OB-20
2920,2002,jpg,RP-P-OB-23183
2230,2001,jpg,RP-P-OB-241
2037,2001,jpg,RP-P-OB-268
9794,2003,jpg,RP-P-OB-27-458
3345,2001,jpg,RP-P-OB-35
2157,2001,jpg,RP-P-OB-38
6296,2003,jpg,RP-P-OB-4276
8761,2003,jpg,RP-P-OB-46
4845,2003,jpg,RP-P-OB-4630
3883,2001,jpg,RP-P-OB-4635
3202,2001,jpg,RP-P-OB-52-602
2195,2003,jpg,RP-P-OB-577
3101,2002,jpg,RP-P-OB-601
2349,2002,jpg,RP-P-OB-62238
6394,2003,jpg,RP-P-OB-6686
1949,2001,jpg,RP-P-OB-697
5605,2003,jpg,RP-P-OB-840
2128,2001,jpg,RP-P-OB-913
3540,2001,jpg,RP-P-OB-963
2018,2001,jpg,RP-T-00-122
5560,2003,jpg,RP-T-1883-A-239
6313,2003,jpg,RP-T-1884-A-293
4713,2004,jpg,RP-T-1884-A-334
6906,2003,jpg,RP-T-1885-A-499
2954,2001,jpg,RP-T-1886-A-621
1764,2001,jpg,RP-T-1886-A-870
2555,2001,jpg,RP-T-1887-A-1392
1964,2001,jpg,RP-T-1888-A-1510
1773,2001,jpg,RP-T-1889-A-2056
2245,2001,jpg,RP-T-1889-A-2120
2243,2001,jpg,RP-T-1891-A-2471
1716,2002,jpg,RP-T-1894-A-3023
2840,2003,jpg,RP-T-1897-A-3487
2123,2003,jpg,RP-T-1898-A-3606
2698,2001,jpg,RP-T-1898-A-3717
1912,2002,jpg,RP-T-1898-A-3724
2269,2001,jpg,RP-T-1899-A-4301
5618,2004,jpg,RP-T-1902-A-4578
4077,2002,jpg,RP-T-1902-A-4593
2247,2001,jpg,RP-T-1905-73
2594,2003,jpg,RP-T-1913-11
2956,2002,jpg,RP-T-1931-182
2832,2001,jpg,RP-T-1940-577
1976,2001,jpg,RP-T-1948-127
2988,2001,jpg,RP-T-1948-397
2106,2001,jpg,RP-T-1950-392
2975,2001,jpg,RP-T-1950-94
2147,2000,jpg,RP-T-1953-140
3155,2002,jpg,RP-T-1960-205
3136,2003,jpg,RP-T-1960-243
2289,2001,jpg,RP-T-1961-75
3515,2002,jpg,RP-T-1962-65
1957,2001,jpg,RP-T-1964-242
4580,2004,jpg,RP-T-1964-342
1879,2001,jpg,RP-T-1965-180
2522,2001,jpg,RP-T-1965-290
1773,2001,jpg,RP-T-1971-52
1608,2001,jpg,RP-T-1973-9
2453,2001,jpg,RP-T-1980-10
2008,2001,jpg,RP-T-1980-A-2339
2978,2001,jpg,RP-T-1981-68
2693,2001,jpg,RP-T-1982-75
2505,2003,jpg,RP-T-1984-1
2684,2003,jpg,RP-T-1986-62
2721,2002,jpg,RP-T-1989-99
2843,2001,jpg,RP-T-1992-3
2064,2001,jpg,RP-T-1993-33
2973,2001,jpg,RP-T-1994-160
3027,2001,jpg,RP-T-1996-6
1925,2001,jpg,RP-T-1998-86
5575,2004,jpg,RP-T-2000-1
125806,2002,jpg,RP-F-F17662
241456,2004,jpg,RP-P-1878-A-1698
410230,2004,jpg,RP-P-1883-A-6805
677261,2002,jpg,RP-P-1891-A-16463
490843,2003,jpg,RP-P-1912-2395
638618,2003,jpg,RP-P-1921-2064
496413,2002,jpg,RP-P-1939-119
356725,2003,jpg,RP-P-1956-25
659084,2001,jpg,RP-P-1959-137
649211,2003,jpg,RP-P-1960-134
617549,2002,jpg,RP-P-1962-39
652373,2002,jpg,RP-P-1962-9
411905,2002,jpg,RP-P-1977-68
441280,2003,jpg,RP-P-BI-7417
656961,2002,jpg,RP-P-BI-906
341839,2004,jpg,RP-P-FM-1157-A
635430,2002,jpg,RP-P-FM-5466
330533,2002,jpg,RP-P-FM-894
250970,2003,jpg,RP-P-H-OB-808
579928,2002,jpg,RP-P-OB-1015
635732,2004,jpg,RP-P-OB-10405
609866,2002,jpg,RP-P-OB-15540
480439,2003,jpg,RP-P-OB-23183
248864,2003,jpg,RP-P-OB-241
231092,2002,jpg,RP-P-OB-268
439077,2002,jpg,RP-P-OB-577
363279,2004,jpg,RP-T-1887-A-1392
382145,2004,jpg,RP-T-1888-A-1510
218394,2002,jpg,RP-T-1889-A-2120
349869,2004,jpg,RP-T-1898-A-3717
378039,2002,jpg,RP-T-1899-A-4301
381378,2002,jpg,RP-T-1953-140
420442,2002,jpg,RP-T-1960-205
437603,2003,jpg,RP-T-1960-243
540919,2002,jpg,RP-T-1962-65
258993,2004,jpg,RP-T-1971-52
137995,2003,jpg,RP-T-1973-9
380198,2002,jpg,RP-T-1980-10
213928,2004,jpg,RP-T-1980-A-2339
589143,2004,jpg,RP-T-1982-75
517833,2003,jpg,RP-T-1992-3
10556,2004,jpg,RP-1965-556
12380,2004,jpg,RP-F-00-612
13030,2004,jpg,RP-F-F00634
10402,2004,jpg,RP-F-OO-484
31183,2004,jpg,RP-P-1878-A-1543
9661,2004,jpg,RP-P-1880-A-4435
18838,2004,jpg,RP-P-1883-A-6805
12688,2004,jpg,RP-P-1886-A-10296
157491,2004,jpg,RP-P-1889-A-14266
21429,2004,jpg,RP-P-1908-345
5465,2004,jpg,RP-P-1921-1956
15056,2004,jpg,RP-P-1932-129
3750,2004,jpg,RP-P-1949-611
5100,2004,jpg,RP-P-1952-183
3787,2004,jpg,RP-P-1953-388
4315,2004,jpg,RP-P-1962-9
15577,2004,jpg,RP-P-1962-9
6724,2004,jpg,RP-P-1969-1
5553,2004,jpg,RP-P-1979-80
14432,2004,jpg,RP-P-1981-48
9877,2004,jpg,RP-P-1992-418
18501,2004,jpg,RP-P-Bi-6573
15673,2004,jpg,RP-P-CP39
74464,2004,jpg,RP-P-FM-1137
27438,2004,jpg,RP-P-FM-1157-A
16473,2004,jpg,RP-P-FM-1157-A
17020,2004,jpg,RP-P-FM-1157-A
16784,2004,jpg,RP-P-FM-3786
17575,2004,jpg,RP-P-OB-1015
36353,2004,jpg,RP-P-OB-10405
12930,2004,jpg,RP-P-OB-1155
11264,2004,jpg,RP-P-OB-12
15435,2004,jpg,RP-P-OB-1281
6881,2004,jpg,RP-P-OB-1281
5388,2004,jpg,RP-P-OB-24
55945,2004,jpg,RP-P-OB-27
64139,2004,jpg,RP-P-OB-27
28781,2004,jpg,RP-P-OB-27
30863,2004,jpg,RP-P-OB-27
6639,2004,jpg,RP-P-OB-28077
5083,2004,jpg,RP-P-OB-39
14507,2004,jpg,RP-P-OB-39
45579,2004,jpg,RP-P-OB-46
41114,2004,jpg,RP-P-OB-4863
13033,2004,jpg,RP-P-OB-62021
22288,2004,jpg,RP-P-OB-963
4972,2004,jpg,RP-T-00-3186
35933,2004,jpg,RP-T-1897-A-3393
7749,2004,jpg,RP-T-1899-A-4301
4912,2004,jpg,RP-T-1899-A-4301
4398,2004,jpg,RP-T-1948-635
4751,2004,jpg,RP-T-1960-243
5245,2004,jpg,RP-T-1960-83
3005,2004,jpg,RP-T-1973-9
6329,2004,jpg,RP-T-1982-75
14759,2004,jpg,RP-T-1982-75
7889,2004,jpg,RP-T-1982-75
7550,2004,jpg,RP-T-1982-75
14694,2004,jpg,RP-F-00-565
14696,2004,jpg,RP-F-F00634
21870,2004,jpg,RP-P-1878-A-1698
34383,2004,jpg,RP-P-1889-A-14266
30032,2004,jpg,RP-P-1898-A-19670
24865,2004,jpg,RP-P-1912-2395
11940,2004,jpg,RP-P-1956-25
20404,2004,jpg,RP-P-1959-137
38738,2004,jpg,RP-P-BI-5321
12620,2004,jpg,RP-P-FM-1157-A
10182,2004,jpg,RP-P-FM-894
18403,2004,jpg,RP-P-OB-10405
15890,2004,jpg,RP-P-OB-23183
21983,2004,jpg,RP-P-OB-4635
21128,2004,jpg,RP-T-1884-A-334
13774,2004,jpg,RP-T-1888-A-1510
19759,2004,jpg,RP-T-1889-A-2120
14019,2004,jpg,RP-T-1898-A-3717
15508,2004,jpg,RP-T-1960-243
10515,2004,jpg,RP-T-1971-52
21711,2004,jpg,RP-T-1986-62
8198,2004,jpg,RP-T-1998-86
11548,2002,jpg,SK-A-1246
6638,2002,jpg,SK-A-127
14907,2002,jpg,SK-A-128
17395,2002,jpg,SK-A-129
8600,2003,jpg,SK-A-15
13489,2003,jpg,SK-A-1718
13764,2002,jpg,SK-A-1857
14197,2002,jpg,SK-A-1892
17899,2001,jpg,SK-A-1923
9094,2001,jpg,SK-A-1935
20336,2004,jpg,SK-A-1955
23413,2004,jpg,SK-A-1967
8446,2004,jpg,SK-A-2099
21383,2002,jpg,SK-A-2150
10223,2001,jpg,SK-A-2291
13470,2000,jpg,SK-A-2344
16487,2004,jpg,SK-A-2354
11500,2003,jpg,SK-A-250
5567,2003,jpg,SK-A-2507
9936,2002,jpg,SK-A-2670
9730,2004,jpg,SK-A-2784
16951,2004,jpg,SK-A-2860
4680,2002,jpg,SK-A-2963
7820,2004,jpg,SK-A-3138
12029,2002,jpg,SK-A-317
11147,2003,jpg,SK-A-3230
15100,2001,jpg,SK-A-3262
5431,2004,jpg,SK-A-3276
13357,2004,jpg,SK-A-347
15911,2004,jpg,SK-A-348
12654,2004,jpg,SK-A-351
11799,2001,jpg,SK-A-3602
15960,2003,jpg,SK-A-3746
9788,2004,jpg,SK-A-3790
9915,2002,jpg,SK-A-383
10779,2002,jpg,SK-A-3892
10402,2002,jpg,SK-A-3908
17791,2002,jpg,SK-A-3945
9773,2004,jpg,SK-A-3969
12989,2002,jpg,SK-A-4
6867,2003,jpg,SK-A-408
16641,2004,jpg,SK-A-4188
24254,2004,jpg,SK-A-4226
19255,2004,jpg,SK-A-4294
15626,2002,jpg,SK-A-4674
16631,2002,jpg,SK-A-4820
7339,2002,jpg,SK-A-4833
16489,2003,jpg,SK-A-4856
10563,2003,jpg,SK-A-4870
19633,2003,jpg,SK-A-614
13621,2003,jpg,SK-C-1349
18067,2003,jpg,SK-C-1350
25744,2002,jpg,SK-C-1458
8748,2004,jpg,SK-C-1637
11054,2004,jpg,SK-C-195
13086,2002,jpg,SK-C-206
12459,2004,jpg,SK-C-210
12287,2004,jpg,SK-C-211
11653,2002,jpg,SK-C-216
9469,2004,jpg,SK-C-251
12085,2000,jpg,SK-C-5
10970,2004,jpg,SK-C-535
8174,2002,jpg,SK-C-6
1727,2001,jpg,SK-A-101
2172,2001,jpg,SK-A-102
2748,2001,jpg,SK-A-1058
2950,2001,jpg,SK-A-110
2314,2001,jpg,SK-A-1115
3565,2001,jpg,SK-A-112
2482,2001,jpg,SK-A-1163
5197,2003,jpg,SK-A-1196
2197,2001,jpg,SK-A-1225
2461,2003,jpg,SK-A-123
1998,2001,jpg,SK-A-1246
1883,2001,jpg,SK-A-1247
1578,2001,jpg,SK-A-127
3234,2001,jpg,SK-A-128
2648,2001,jpg,SK-A-129
2483,2003,jpg,SK-A-1293
2513,2002,jpg,SK-A-1299
2223,2002,jpg,SK-A-1328
3082,2002,jpg,SK-A-133
2107,2001,jpg,SK-A-135
2187,2002,jpg,SK-A-1364
2547,2001,jpg,SK-A-1365
2197,2001,jpg,SK-A-137
2021,2001,jpg,SK-A-138
1877,2001,jpg,SK-A-1405
2036,2001,jpg,SK-A-142
4120,2001,jpg,SK-A-1451
2718,2001,jpg,SK-A-1491
1684,2002,jpg,SK-A-15
2043,2001,jpg,SK-A-1505
2491,2002,jpg,SK-A-1510
1890,2001,jpg,SK-A-1522
2792,2001,jpg,SK-A-1537
2563,2001,jpg,A-1558
2421,2001,jpg,SK-A-1584
1822,2001,jpg,SK-A-1591
1843,2001,jpg,SK-A-1595
3111,2001,jpg,SK-A-1598
2398,2002,jpg,SK-A-1606
2024,2001,jpg,SK-A-1610
2437,2002,jpg,SK-A-1627
1626,2001,jpg,SK-A-164
2310,2001,jpg,SK-A-1683
2657,2001,jpg,SK-A-1688
2613,2001,jpg,SK-A-1691
2886,2002,jpg,SK-A-1718
2493,2001,jpg,SK-A-175
1454,2001,jpg,SK-A-1751
2078,2001,jpg,SK-A-1774
2155,2001,jpg,SK-A-1775
1754,2001,jpg,SK-A-1786
3071,2001,jpg,SK-A-1796
2516,2001,jpg,SK-A-180
2448,2001,jpg,SK-A-182
2136,2001,jpg,SK-A-1845
1916,2002,jpg,SK-A-1848
2852,2001,jpg,SK-A-1849
2772,2000,jpg,SK-A-1857
2360,2001,jpg,SK-A-188
2690,2001,jpg,SK-A-1892
3101,2002,jpg,SK-A-19
2189,2001,jpg,SK-A-1910
3978,2001,jpg,SK-A-1923
2015,2000,jpg,SK-A-1935
2321,2002,jpg,SK-A-1955
2037,2002,jpg,SK-A-1957
2967,2002,jpg,SK-A-1967
1495,2001,jpg,SK-A-199
4886,2004,jpg,SK-A-1998
5476,2004,jpg,SK-A-2045
1766,2002,jpg,SK-A-2099
2166,2001,jpg,SK-A-2102
1971,2001,jpg,SK-A-2103
2858,2001,jpg,SK-A-2115
3018,2001,jpg,SK-A-2150
2443,2001,jpg,SK-A-2152
2828,2001,jpg,SK-A-2163
1839,2001,jpg,SK-A-2205
3009,2001,jpg,SK-A-2213
3481,2001,jpg,SK-A-2238
1781,2001,jpg,SK-A-2248
1858,2001,jpg,SK-A-2249
2693,2001,jpg,SK-A-2264
2678,2001,jpg,SK-A-2290
2462,2001,jpg,SK-A-2291
2576,2001,jpg,SK-A-2298
3256,2001,jpg,SK-A-2312
1838,2002,jpg,SK-A-2313
1938,2001,jpg,SK-A-2326
1729,2001,jpg,SK-A-2332
1989,2001,jpg,SK-A-2338
2233,2001,jpg,SK-A-2344
3383,2002,jpg,SK-A-2354
2429,2001,jpg,SK-A-2355
1902,2001,jpg,SK-A-2362
3872,2003,jpg,SK-A-238
3364,2001,jpg,SK-A-2388
2163,2001,jpg,SK-A-2395
1700,2001,jpg,SK-A-2443
1949,2001,jpg,SK-A-250
1706,2001,jpg,SK-A-2507
2588,2001,jpg,SK-A-2525
2056,2001,jpg,SK-A-255
2094,2001,jpg,SK-A-256
1926,2001,jpg,SK-A-2568
1335,2001,jpg,SK-A-257
2126,2003,jpg,SK-A-2576
1775,2001,jpg,SK-A-2627
3680,2003,jpg,SK-A-2656
2162,2000,jpg,SK-A-2664
2219,2001,jpg,SK-A-2670
2222,2002,jpg,SK-A-268
3665,2002,jpg,SK-A-2684
3245,2002,jpg,SK-A-2696
3043,2001,jpg,SK-A-2706
2266,2001,jpg,SK-A-2783
1992,2002,jpg,SK-A-2784
2140,2001,jpg,SK-A-2813
2155,2002,jpg,SK-A-2815
1795,2001,jpg,SK-A-2854
2521,2001,jpg,SK-A-2860
1770,2001,jpg,SK-A-2952
1371,2001,jpg,SK-A-2963
1405,2001,jpg,SK-A-298
1969,2001,jpg,SK-A-2983
3167,2001,jpg,SK-A-3
1688,2001,jpg,SK-A-302
2869,2001,jpg,SK-A-3038
2763,2001,jpg,SK-A-305
2370,2001,jpg,SK-A-3059
1845,2001,jpg,SK-A-3064
1611,2001,jpg,SK-A-3066
2521,2002,jpg,SK-A-3072
2040,2001,jpg,SK-A-3097
1771,2001,jpg,SK-A-3118
2194,2001,jpg,SK-A-3119
2146,2001,jpg,SK-A-3120
1611,2001,jpg,SK-A-3138
2652,2001,jpg,SK-A-3147-B
1973,2001,jpg,SK-A-3148
2578,2001,jpg,SK-A-317
2261,2001,jpg,SK-A-321
1730,2001,jpg,SK-A-3230
2302,2002,jpg,SK-A-3233
2067,2002,jpg,SK-A-3245
2833,2002,jpg,SK-A-3246
2571,2001,jpg,SK-A-3247
2168,2002,jpg,SK-A-3259
1833,2002,jpg,SK-A-3262
1296,2001,jpg,SK-A-3276
3106,2001,jpg,SK-A-3280
1714,2001,jpg,A-3293
2200,2001,jpg,SK-A-3347
1776,2001,jpg,SK-A-335
1915,2001,jpg,SK-A-336
1787,2001,jpg,SK-A-337
2789,2001,jpg,SK-A-34
2785,2001,jpg,SK-A-345
2035,2002,jpg,SK-A-3451
3596,2001,jpg,SK-A-3467
2221,2001,jpg,SK-A-347
2327,2001,jpg,SK-A-348
2266,2001,jpg,SK-A-35
1979,2001,jpg,SK-A-351
1504,2001,jpg,SK-A-3516
2207,2001,jpg,SK-A-3518
2260,2001,jpg,SK-A-3519
2901,2002,jpg,SK-A-3580
2348,2002,jpg,SK-A-3584
1804,2001,jpg,SK-A-359
2817,2001,jpg,SK-A-3592
2941,2001,jpg,SK-A-3597
2675,2001,jpg,SK-A-3602
3408,2001,jpg,SK-A-3658
3261,2001,jpg,SK-A-3659
3477,2001,jpg,SK-A-372
3614,2001,jpg,SK-A-3746
2560,2001,jpg,SK-A-3753
2137,2001,jpg,SK-A-3814
1807,2001,jpg,SK-A-3828
1933,2001,jpg,SK-A-383
1909,2001,jpg,SK-A-3835
2999,2001,jpg,SK-A-384
3661,2003,jpg,SK-A-3841
2641,2001,jpg,SK-A-385
2862,2002,jpg,SK-A-3852
1848,2002,jpg,SK-A-3853
2802,2001,jpg,SK-A-3888
1963,2001,jpg,SK-A-3889
2063,2001,jpg,SK-A-3892
1923,2001,jpg,SK-A-390
2859,2001,jpg,SK-A-3901
2028,2001,jpg,SK-A-3903
2549,2001,jpg,SK-A-3908
3022,2001,jpg,SK-A-3911
1855,2001,jpg,SK-A-3920
2653,2001,jpg,SK-A-3924
2379,2001,jpg,SK-A-3925
2729,2000,jpg,SK-A-3930
2147,2001,jpg,SK-A-3944
2664,2002,jpg,SK-A-3945
1870,2001,jpg,SK-A-3948
2901,2001,jpg,SK-A-3949
1801,2001,jpg,SK-A-3953
2974,2001,jpg,SK-A-3962
1759,2001,jpg,SK-A-3969
1972,2000,jpg,SK-A-3981
1680,2000,jpg,SK-A-3982
3026,2001,jpg,SK-A-3983
2948,2001,jpg,SK-A-3984
1964,2001,jpg,SK-A-3988
1546,2003,jpg,SK-A-3989
2602,2001,jpg,SK-A-4
2417,2001,jpg,SK-A-4026
2002,2001,jpg,SK-A-4034
1624,2001,jpg,SK-A-4038
1674,2001,jpg,SK-A-4039
2130,2001,jpg,SK-A-404
2456,2001,jpg,SK-A-4046
2625,2002,jpg,SK-A-405
1615,2000,jpg,SK-A-4050
2385,2001,jpg,SK-A-4054
1583,2001,jpg,SK-A-4057
6100,2003,jpg,SK-A-4062
2184,2001,jpg,SK-A-4075
1655,2001,jpg,SK-A-408
2594,2002,jpg,SK-A-4090
1945,2001,jpg,SK-A-4093
2652,2002,jpg,SK-A-4117
2130,2001,jpg,SK-A-4118
1607,2002,jpg,SK-A-4120
2755,2002,jpg,SK-A-4133
1893,2001,jpg,SK-A-4177
2931,2001,jpg,SK-A-4188
2908,2001,jpg,SK-A-42
2856,2002,jpg,SK-A-4209
2116,2001,jpg,SK-A-4210
2070,2001,jpg,SK-A-4225
2838,2001,jpg,SK-A-4226
3025,2001,jpg,SK-A-424
2651,2001,jpg,SK-A-4255
2841,2001,jpg,SK-A-4282
2394,2001,jpg,SK-A-4289
3444,2001,jpg,SK-A-4294
2271,2001,jpg,SK-A-443
2571,2001,jpg,SK-A-446
2169,2001,jpg,SK-A-4462
2340,2001,jpg,SK-A-4463
2769,2001,jpg,SK-A-447
2740,2002,jpg,SK-A-4482
2476,2001,jpg,SK-A-460
2493,2001,jpg,SK-A-4644
2775,2000,jpg,SK-A-4646
2663,2001,jpg,SK-A-4659
2302,2001,jpg,SK-A-4674
2978,2001,jpg,SK-A-4690
1638,2001,jpg,SK-A-4691
3231,2001,jpg,SK-A-4706
2484,2001,jpg,SK-A-4717
2302,2002,jpg,SK-A-4750
2851,2001,jpg,SK-A-4779
3511,2001,jpg,SK-A-4820
2992,2001,jpg,SK-A-4821
2136,2001,jpg,SK-A-4822
3080,2001,jpg,SK-A-4823
2847,2001,jpg,SK-A-4830
1775,2003,jpg,SK-A-4833
2568,2001,jpg,SK-A-4844
2661,2002,jpg,SK-A-4853
1930,2003,jpg,SK-A-4857
2916,2002,jpg,SK-A-486
3056,2001,jpg,SK-A-4866
3333,2001,jpg,SK-A-4867
2416,2002,jpg,SK-A-4868
2516,2001,jpg,SK-A-4870
2670,2001,jpg,SK-A-4875
1897,2001,jpg,SK-A-4878
2179,2001,jpg,SK-A-4881
1559,2001,jpg,SK-A-4885
4406,2004,jpg,SK-A-4889
1994,2002,jpg,SK-A-4908
2122,2001,jpg,SK-A-4910
2453,2001,jpg,SK-A-4922
2007,2001,jpg,SK-A-4941
2038,2001,jpg,SK-A-4943
2161,2001,jpg,SK-A-4947
1478,2002,jpg,SK-A-4956
1671,2002,jpg,SK-A-4957
5024,2003,jpg,SK-A-4968
2210,2002,jpg,SK-A-4969
4624,2003,jpg,SK-A-4972
5312,2003,jpg,SK-A-4973
1750,2002,jpg,SK-A-498
2701,2002,jpg,SK-A-500
1619,2001,jpg,SK-A-581
1717,2001,jpg,SK-A-591
2386,2001,jpg,SK-A-602
3149,2001,jpg,SK-A-613
3032,2001,jpg,SK-A-614
1554,2001,jpg,SK-A-653
3092,2001,jpg,SK-A-662
2426,2001,jpg,SK-A-664
3689,2001,jpg,SK-A-668
2573,2001,jpg,SK-A-670
2500,2003,jpg,SK-A-671
1423,2001,jpg,SK-A-672
2343,2001,jpg,SK-A-676
1753,2001,jpg,SK-A-683
1910,2001,jpg,SK-A-684
1936,2001,jpg,SK-A-690
1587,2001,jpg,SK-A-699
3288,2001,jpg,SK-A-70
1668,2001,jpg,SK-A-705
1531,2003,jpg,SK-A-714
2267,2001,jpg,SK-A-718
3328,2001,jpg,SK-A-793
2086,2001,jpg,SK-A-799
2088,2001,jpg,SK-A-804
2559,2001,jpg,SK-A-831
1698,2001,jpg,SK-A-86
1095,2001,jpg,SK-A-87
2281,2001,jpg,SK-A-870
3126,2001,jpg,SK-A-874
2293,2001,jpg,SK-A-91
2345,2001,jpg,SK-A-955
1985,2001,jpg,SK-A-956
2994,2002,jpg,SK-C-109
2162,2002,jpg,SK-C-112
2243,2001,jpg,SK-C-1191
2407,2001,jpg,SK-C-1349
3399,2001,jpg,SK-C-1350
1971,2002,jpg,SK-C-1367
1899,2002,jpg,SK-C-1368
3067,2003,jpg,SK-C-1409
3005,2002,jpg,SK-C-144
2050,2001,jpg,SK-C-1454
3506,2001,jpg,SK-C-1458
2077,2001,jpg,SK-C-1460
2098,2002,jpg,SK-C-1461
1489,2001,jpg,SK-C-1467
2754,2001,jpg,SK-C-149
2223,2001,jpg,SK-C-150
1906,2001,jpg,SK-C-152
1503,2001,jpg,SK-C-1598
1724,2001,jpg,SK-C-1618
3475,2001,jpg,SK-C-1631
1902,2001,jpg,SK-C-1637
2764,2001,jpg,SK-C-165
2625,2001,jpg,SK-C-168
2326,2001,jpg,SK-C-177
2445,2001,jpg,SK-C-180
8139,2004,jpg,SK-C-187
1509,2001,jpg,SK-C-194
1897,2001,jpg,SK-C-195
2559,2001,jpg,SK-C-2
2832,2001,jpg,SK-C-200
2632,2001,jpg,SK-C-205
2662,2002,jpg,SK-C-206
2570,2001,jpg,SK-C-210
2760,2001,jpg,SK-C-211
2253,2003,jpg,SK-C-216
2913,2001,jpg,SK-C-217
2009,2001,jpg,SK-C-222
2196,2001,jpg,SK-C-226
2790,2001,jpg,SK-C-229
2081,2001,jpg,SK-C-230
2519,2002,jpg,SK-C-248
1802,2002,jpg,SK-C-251
3277,2002,jpg,SK-C-301
2272,2001,jpg,SK-C-365
2308,2001,jpg,SK-C-370
2740,2001,jpg,SK-C-371
2641,2001,jpg,SK-C-374
2671,2001,jpg,SK-C-378
2893,2001,jpg,SK-C-381
2133,2002,jpg,SK-C-393
2598,2001,jpg,SK-C-402
2488,2001,jpg,SK-C-5
2136,2002,jpg,SK-C-535
2053,2000,jpg,SK-C-597
2136,2002,jpg,SK-C-6
2737,2002,jpg,SK-C-80
2899,2002,jpg,SK-C-87
3414,2001,jpg,SK-NM-4485
291455,2004,jpg,SK-A-110
328875,2002,jpg,SK-A-112
344955,2002,jpg,SK-A-123
261476,2002,jpg,SK-A-1246
244820,2002,jpg,SK-A-1247
227210,2002,jpg,SK-A-1293
320719,2002,jpg,SK-A-133
266420,2002,jpg,SK-A-135
264188,2001,jpg,SK-A-1365
202824,2003,jpg,SK-A-137
217081,2002,jpg,SK-A-1405
211792,2002,jpg,SK-A-142
196364,2002,jpg,SK-A-1510
152954,2002,jpg,SK-A-1522
241905,2002,jpg,SK-A-1591
224735,2002,jpg,SK-A-1595
231166,2002,jpg,SK-A-1627
210940,2002,jpg,SK-A-164
259686,2002,jpg,SK-A-1683
370394,2003,jpg,SK-A-1718
295869,2004,jpg,SK-A-175
177795,2003,jpg,SK-A-1774
201991,2002,jpg,SK-A-1775
149804,2003,jpg,SK-A-1786
269365,2003,jpg,SK-A-1796
282575,2004,jpg,SK-A-180
335923,2003,jpg,SK-A-182
236617,2002,jpg,SK-A-1848
331458,2004,jpg,SK-A-1857
301757,2004,jpg,SK-A-188
274355,2003,jpg,SK-A-1910
395748,2004,jpg,SK-A-1923
214902,2002,jpg,SK-A-1935
213769,2004,jpg,SK-A-1955
216847,2003,jpg,SK-A-1957
535330,2002,jpg,SK-A-1967
165708,2002,jpg,SK-A-199
247764,2002,jpg,SK-A-2102
211769,2001,jpg,SK-A-2103
231466,2003,jpg,SK-A-2115
164654,2001,jpg,SK-A-2152
259905,2002,jpg,SK-A-2213
182907,2004,jpg,SK-A-2291
193371,2004,jpg,SK-A-2313
242770,2003,jpg,SK-A-2326
170578,2002,jpg,SK-A-2332
369303,2002,jpg,SK-A-2344
300497,2002,jpg,SK-A-2354
171808,2004,jpg,SK-A-2355
266011,2002,jpg,SK-A-2443
212362,2003,jpg,SK-A-250
76715,2003,jpg,SK-A-2507
401822,2004,jpg,SK-A-2525
241597,2004,jpg,SK-A-255
139942,2002,jpg,SK-A-2568
117811,2004,jpg,SK-A-257
212567,2002,jpg,SK-A-2670
282030,2004,jpg,SK-A-268
408135,2002,jpg,SK-A-2860
97423,2003,jpg,SK-A-2963
251280,2002,jpg,SK-A-302
319736,2004,jpg,SK-A-3038
138531,2003,jpg,SK-A-3118
328953,2003,jpg,SK-A-3119
310118,2001,jpg,SK-A-317
222787,2002,jpg,SK-A-3233
376914,2002,jpg,SK-A-3246
305687,2004,jpg,SK-A-3259
495909,2003,jpg,SK-A-3262
225701,2003,jpg,SK-A-3280
326778,2004,jpg,SK-A-34
272051,2002,jpg,SK-A-3451
357790,2004,jpg,SK-A-347
437716,2004,jpg,SK-A-348
177391,2004,jpg,SK-A-35
361178,2004,jpg,SK-A-351
66025,2002,jpg,SK-A-3516
229001,2003,jpg,SK-A-3518
227784,2003,jpg,SK-A-3519
180562,2002,jpg,SK-A-359
251845,2002,jpg,SK-A-3602
451171,2002,jpg,SK-A-372
295737,2002,jpg,SK-A-3746
219555,2002,jpg,SK-A-3753
182222,2004,jpg,SK-A-3790
233393,2004,jpg,SK-A-3828
194643,2002,jpg,SK-A-384
279028,2002,jpg,SK-A-385
312654,2004,jpg,SK-A-3888
193564,2004,jpg,SK-A-3889
390499,2003,jpg,SK-A-3924
247169,2004,jpg,SK-A-3930
404753,2002,jpg,SK-A-3945
292635,2004,jpg,SK-A-3949
296194,2004,jpg,SK-A-3969
319957,2002,jpg,SK-A-3981
216196,2002,jpg,SK-A-3982
256555,2002,jpg,SK-A-3984
230995,2004,jpg,SK-A-4
121378,2002,jpg,SK-A-4034
205023,2002,jpg,SK-A-4038
148063,2002,jpg,SK-A-4039
385076,2002,jpg,SK-A-404
306481,2004,jpg,SK-A-4046
196288,2004,jpg,SK-A-405
179934,2001,jpg,SK-A-4050
109463,2002,jpg,SK-A-4057
144710,2002,jpg,SK-A-4118
327859,2002,jpg,SK-A-4133
180063,2002,jpg,SK-A-4177
279203,2002,jpg,SK-A-42
151452,2002,jpg,SK-A-4210
412827,2002,jpg,SK-A-4294
349958,2002,jpg,SK-A-443
251816,2002,jpg,SK-A-447
282921,2001,jpg,SK-A-460
179019,2002,jpg,SK-A-4644
301516,2002,jpg,SK-A-4674
268430,2002,jpg,SK-A-4690
252790,2001,jpg,SK-A-4691
310871,2002,jpg,SK-A-4706
268102,2002,jpg,SK-A-4717
183831,2002,jpg,SK-A-4750
259119,2002,jpg,SK-A-4779
218971,2002,jpg,SK-A-4823
122862,2002,jpg,SK-A-4833
280414,2002,jpg,SK-A-4844
410507,2002,jpg,SK-A-4853
235019,2004,jpg,SK-A-4857
266798,2003,jpg,SK-A-4868
197060,2004,jpg,SK-A-4870
349439,2004,jpg,SK-A-4875
160248,2004,jpg,SK-A-4878
317884,2002,jpg,SK-A-4881
121007,2002,jpg,SK-A-4885
250799,2002,jpg,SK-A-4908
218811,2002,jpg,SK-A-4922
194865,2002,jpg,SK-A-4941
216522,2002,jpg,SK-A-4943
127709,2004,jpg,SK-A-581
358808,2002,jpg,SK-A-613
353407,2002,jpg,SK-A-614
353957,2002,jpg,SK-A-668
184211,2002,jpg,SK-A-670
201377,2002,jpg,SK-A-676
130749,2002,jpg,SK-A-683
170819,2002,jpg,SK-A-684
376652,2002,jpg,SK-A-70
208972,2002,jpg,SK-A-718
382376,2002,jpg,SK-A-793
247986,2004,jpg,SK-A-804
131802,2004,jpg,SK-A-86
51060,2004,jpg,SK-A-87
314307,2004,jpg,SK-A-870
241374,2004,jpg,SK-A-874
290892,2002,jpg,SK-A-91
317136,2002,jpg,SK-C-109
294281,2004,jpg,SK-C-112
329757,2002,jpg,SK-C-1191
258838,2002,jpg,SK-C-1349
330092,2004,jpg,SK-C-1350
243093,2003,jpg,SK-C-1409
420070,2004,jpg,SK-C-1458
86296,2002,jpg,SK-C-1467
326819,2002,jpg,SK-C-149
354668,2002,jpg,SK-C-150
168371,2002,jpg,SK-C-152
138566,2002,jpg,SK-C-1598
111890,2002,jpg,SK-C-1618
252574,2002,jpg,SK-C-1631
215983,2002,jpg,SK-C-1637
444177,2002,jpg,SK-C-165
354628,2003,jpg,SK-C-177
318847,2003,jpg,SK-C-180
126193,2004,jpg,SK-C-194
168800,2002,jpg,SK-C-2
293703,2002,jpg,SK-C-200
298685,2002,jpg,SK-C-206
226543,2004,jpg,SK-C-210
324571,2004,jpg,SK-C-211
259908,2002,jpg,SK-C-216
182543,2002,jpg,SK-C-217
209826,2002,jpg,SK-C-229
260899,2002,jpg,SK-C-230
268776,2002,jpg,SK-C-248
260694,2002,jpg,SK-C-251
194103,2002,jpg,SK-C-370
261099,2002,jpg,SK-C-371
191073,2004,jpg,SK-C-378
195941,2002,jpg,SK-C-381
139067,2003,jpg,SK-C-402
210113,2001,jpg,SK-C-5
192446,2002,jpg,SK-C-597
142105,2002,jpg,SK-C-6
3655,2004,jpg,SK-A-123
7405,2004,jpg,SK-A-129
10512,2004,jpg,SK-A-1328
3784,2004,jpg,SK-A-1328
9956,2004,jpg,SK-A-1328
6185,2004,jpg,SK-A-134
5560,2004,jpg,SK-A-135
7133,2004,jpg,SK-A-135
18578,2004,jpg,SK-A-1374
7796,2004,jpg,SK-A-1451
7934,2004,jpg,SK-A-1584
4679,2004,jpg,SK-A-1595
7774,2004,jpg,SK-A-1595
10570,2004,jpg,SK-A-1718
14273,2004,jpg,SK-A-1718
15339,2004,jpg,SK-A-1796
12163,2004,jpg,SK-A-1796
5383,2004,jpg,SK-A-1796
4214,2004,jpg,SK-A-1796
11985,2004,jpg,SK-A-1796
9646,2004,jpg,SK-A-1796
5057,2004,jpg,SK-A-182
5454,2004,jpg,SK-A-1857
6411,2004,jpg,SK-A-188
5200,2004,jpg,SK-A-188
3686,2004,jpg,SK-A-1957
4412,2004,jpg,SK-A-2102
4378,2004,jpg,SK-A-2103
5759,2004,jpg,SK-A-2103
7926,2004,jpg,SK-A-2103
6419,2004,jpg,SK-A-211
26233,2004,jpg,SK-A-2115
5371,2004,jpg,SK-A-212
22884,2004,jpg,SK-A-2150
4928,2004,jpg,SK-A-2213
3305,2004,jpg,SK-A-2213
7108,2004,jpg,SK-A-2213
8326,2004,jpg,SK-A-2213
9888,2004,jpg,SK-A-2213
9010,2004,jpg,SK-A-2213
6579,2004,jpg,SK-A-2248
7485,2004,jpg,SK-A-2249
10219,2004,jpg,SK-A-2264
3517,2004,jpg,SK-A-2280
3805,2004,jpg,SK-A-2313
3942,2004,jpg,SK-A-2314
5498,2004,jpg,SK-A-2317
5901,2004,jpg,SK-A-2326
4381,2004,jpg,SK-A-2326
3600,2004,jpg,SK-A-2326
6186,2004,jpg,SK-A-2326
6460,2004,jpg,SK-A-2326
6546,2004,jpg,SK-A-2338
3916,2004,jpg,SK-A-2338
3884,2004,jpg,SK-A-2338
9501,2004,jpg,SK-A-2395
11930,2004,jpg,SK-A-2427
18599,2004,jpg,SK-A-2443
3379,2004,jpg,SK-A-2456
3096,2004,jpg,SK-A-2474
5402,2004,jpg,SK-A-250
3800,2004,jpg,SK-A-2627
6653,2004,jpg,SK-A-2627
13956,2004,jpg,SK-A-2656
7756,2004,jpg,SK-A-2664
7657,2004,jpg,SK-A-2670
6884,2004,jpg,SK-A-268
4969,2004,jpg,SK-A-268
6586,2004,jpg,SK-A-268
7712,2004,jpg,SK-A-2709
6717,2004,jpg,SK-A-2783
7901,2004,jpg,SK-A-2860
5775,2004,jpg,SK-A-2952
14532,2004,jpg,SK-A-3038
9521,2004,jpg,SK-A-3038
4727,2004,jpg,SK-A-3059
3709,2004,jpg,SK-A-3066
5890,2004,jpg,SK-A-3066
7801,2004,jpg,SK-A-3072
11085,2004,jpg,SK-A-3245
10760,2004,jpg,SK-A-3245
10005,2004,jpg,SK-A-3245
8617,2004,jpg,SK-A-3245
8298,2004,jpg,SK-A-3262
7673,2004,jpg,SK-A-3262
5516,2004,jpg,SK-A-3307
4981,2004,jpg,SK-A-3349
9116,2004,jpg,SK-A-336
8390,2004,jpg,SK-A-337
14855,2004,jpg,SK-A-345
13196,2004,jpg,SK-A-3518
7160,2004,jpg,SK-A-3518
5502,2004,jpg,SK-A-3518
4857,2004,jpg,SK-A-3519
4876,2004,jpg,SK-A-3519
4906,2004,jpg,SK-A-3519
3361,2004,jpg,SK-A-3519
4724,2004,jpg,SK-A-3595
5057,2004,jpg,SK-A-3596
6931,2004,jpg,SK-A-3597
4948,2004,jpg,SK-A-3602
10412,2004,jpg,SK-A-3602
9363,2004,jpg,SK-A-3602
20426,2004,jpg,SK-A-3659
7670,2004,jpg,SK-A-3853
5523,2004,jpg,SK-A-3880
11438,2004,jpg,SK-A-3901
23960,2004,jpg,SK-A-3901
12457,2004,jpg,SK-A-3903
4004,2004,jpg,SK-A-3903
6549,2004,jpg,SK-A-3908
14351,2004,jpg,SK-A-3911
7009,2004,jpg,SK-A-3983
15610,2004,jpg,SK-A-3984
8667,2004,jpg,SK-A-4054
4134,2004,jpg,SK-A-4069
9090,2004,jpg,SK-A-4090
4857,2004,jpg,SK-A-4090
13359,2004,jpg,SK-A-4100
15264,2004,jpg,SK-A-4188
6543,2004,jpg,SK-A-4210
18080,2004,jpg,SK-A-4226
6774,2004,jpg,SK-A-4226
4908,2004,jpg,SK-A-4674
6589,2004,jpg,SK-A-4821
4938,2004,jpg,SK-A-4821
4275,2004,jpg,SK-A-4821
11774,2004,jpg,SK-A-4822
10154,2004,jpg,SK-A-4822
9794,2004,jpg,SK-A-4830
5879,2004,jpg,SK-A-4857
14862,2004,jpg,SK-A-4866
5409,2004,jpg,SK-A-4866
5087,2004,jpg,SK-A-4866
3135,2004,jpg,SK-A-4866
4771,2004,jpg,SK-A-4866
5198,2004,jpg,SK-A-4910
28622,2004,jpg,SK-A-4921
45885,2004,jpg,SK-A-500
6196,2004,jpg,SK-A-52
13562,2004,jpg,SK-A-671
8412,2004,jpg,SK-A-86
4592,2004,jpg,SK-A-86
4502,2004,jpg,SK-A-86
1644,2004,jpg,SK-A-87
7039,2004,jpg,SK-A-870
8218,2004,jpg,SK-C-1120
4196,2004,jpg,SK-C-1191
8178,2004,jpg,SK-C-1367
6914,2004,jpg,SK-C-1368
15180,2004,jpg,SK-C-165
6400,2004,jpg,SK-C-165
3518,2004,jpg,SK-C-194
3849,2004,jpg,SK-C-210
7596,2004,jpg,SK-C-216
17268,2004,jpg,SK-C-301
7199,2004,jpg,SK-A-1595
18626,2004,jpg,SK-A-1796
11507,2004,jpg,SK-A-3814
9923,2004,jpg,SK-C-230
13441,2004,jpg,SK-A-1163
13849,2004,jpg,SK-A-1196
11557,2004,jpg,SK-A-1246
10962,2004,jpg,SK-A-1247
17398,2004,jpg,SK-A-129
15243,2004,jpg,SK-A-1328
15124,2004,jpg,SK-A-133
12230,2004,jpg,SK-A-135
11818,2004,jpg,SK-A-1365
11371,2004,jpg,SK-A-1510
9640,2004,jpg,SK-A-1522
10961,2004,jpg,SK-A-1595
12755,2004,jpg,SK-A-1627
9332,2004,jpg,SK-A-1774
9951,2004,jpg,SK-A-1775
7562,2004,jpg,SK-A-1786
15453,2004,jpg,SK-A-1796
14818,2004,jpg,SK-A-180
15004,2004,jpg,SK-A-182
17455,2004,jpg,SK-A-188
7205,2004,jpg,SK-A-199
20530,2004,jpg,SK-A-2003
13257,2004,jpg,SK-A-2115
10335,2004,jpg,SK-A-2152
13446,2004,jpg,SK-A-2213
9458,2004,jpg,SK-A-2248
10705,2004,jpg,SK-A-2249
12324,2004,jpg,SK-A-2264
10231,2004,jpg,SK-A-2291
14192,2004,jpg,SK-A-2298
11350,2004,jpg,SK-A-2326
13468,2004,jpg,SK-A-2344
9693,2004,jpg,SK-A-2355
17560,2004,jpg,SK-A-2388
24849,2004,jpg,SK-A-239
22418,2004,jpg,SK-A-240
11203,2004,jpg,SK-A-2443
13458,2004,jpg,SK-A-2525
21422,2004,jpg,SK-A-255
13781,2004,jpg,SK-A-2576
8216,2004,jpg,SK-A-2627
14206,2004,jpg,SK-A-268
14391,2004,jpg,SK-A-2706
13108,2004,jpg,SK-A-3
13093,2004,jpg,SK-A-3059
12509,2004,jpg,SK-A-3072
11201,2004,jpg,SK-A-3097
12032,2004,jpg,SK-A-317
29053,2004,jpg,SK-A-321
11150,2004,jpg,SK-A-3230
15410,2004,jpg,SK-A-3246
13573,2004,jpg,SK-A-3280
10140,2004,jpg,SK-A-335
12740,2004,jpg,SK-A-336
14319,2004,jpg,SK-A-34
10385,2004,jpg,SK-A-3451
9403,2004,jpg,SK-A-35
5561,2004,jpg,SK-A-3516
11495,2004,jpg,SK-A-3518
12323,2004,jpg,SK-A-3519
16190,2004,jpg,SK-A-3584
9766,2004,jpg,SK-A-359
12019,2004,jpg,SK-A-3597
21649,2004,jpg,SK-A-372
15960,2004,jpg,SK-A-3746
9979,2004,jpg,SK-A-3828
9921,2004,jpg,SK-A-383
13345,2004,jpg,SK-A-384
17277,2004,jpg,SK-A-3841
14635,2004,jpg,SK-A-385
7425,2004,jpg,SK-A-3853
11016,2004,jpg,SK-A-3889
14457,2004,jpg,SK-A-3920
14370,2004,jpg,SK-A-3930
13260,2004,jpg,SK-A-3944
17797,2004,jpg,SK-A-3945
13514,2004,jpg,SK-A-3949
12992,2004,jpg,SK-A-4
7700,2004,jpg,SK-A-4038
8096,2004,jpg,SK-A-4039
12597,2004,jpg,SK-A-404
14367,2004,jpg,SK-A-4046
12646,2004,jpg,SK-A-405
14756,2004,jpg,SK-A-4052
13189,2004,jpg,SK-A-4075
11078,2004,jpg,SK-A-4090
11115,2004,jpg,SK-A-4177
17749,2004,jpg,SK-A-42
11543,2004,jpg,SK-A-4210
12324,2004,jpg,SK-A-4225
13495,2004,jpg,SK-A-4245
13833,2004,jpg,SK-A-447
11673,2004,jpg,SK-A-4644
13063,2004,jpg,SK-A-4646
16198,2004,jpg,SK-A-4690
17227,2004,jpg,SK-A-4706
9828,2004,jpg,SK-A-4750
13776,2004,jpg,SK-A-4779
12406,2004,jpg,SK-A-4821
9502,2004,jpg,SK-A-4822
13809,2004,jpg,SK-A-4823
10568,2004,jpg,SK-A-4857
8967,2004,jpg,SK-A-4878
16062,2004,jpg,SK-A-4881
25698,2003,jpg,SK-A-4922
6513,2004,jpg,SK-A-581
9640,2004,jpg,SK-A-676
10381,2004,jpg,SK-A-690
19153,2004,jpg,SK-A-793
13838,2004,jpg,SK-A-804
3325,2004,jpg,SK-A-87
16638,2004,jpg,SK-A-870
15314,2004,jpg,SK-A-874
12310,2004,jpg,SK-C-112
18066,2004,jpg,SK-C-1350
13545,2004,jpg,SK-C-1409
25746,2004,jpg,SK-C-1458
5148,2004,jpg,SK-C-1467
13986,2004,jpg,SK-C-149
13798,2004,jpg,SK-C-1535
6483,2004,jpg,SK-C-1598
5293,2004,jpg,SK-C-1618
15503,2004,jpg,SK-C-180
7663,2004,jpg,SK-C-194
13532,2004,jpg,SK-C-200
24373,2004,jpg,SK-C-205
11325,2004,jpg,SK-C-217
13831,2004,jpg,SK-C-229
13674,2004,jpg,SK-C-248
18387,2004,jpg,SK-C-370
16929,2004,jpg,SK-C-371
11382,2004,jpg,SK-C-378
13279,2004,jpg,SK-C-381
18172,2003,jpg,WEB-EX-1
16463,2002,jpg,WEB-EX-2
3648,2001,jpg,WEB-EX-1
2086,2002,jpg,WEB-EX-10
2140,2001,jpg,WEB-EX-11
1581,2001,jpg,WEB-EX-12
2136,2002,jpg,WEB-EX-13
2322,2001,jpg,WEB-EX-2
1743,2001,jpg,WEB-EX-3
2060,2001,jpg,WEB-EX-5
2250,2001,jpg,WEB-EX-6
2209,2001,jpg,WEB-EX-7
1965,2001,jpg,WEB-EX-8
2154,2002,jpg,WEB-EX-9
297607,2002,jpg,WEB-EX-1
317442,2004,jpg,WEB-EX-2
210670,2004,jpg,WEB-EX-5
213543,2003,jpg,WEB-EX-9
16466,2004,jpg,WEB-EX-2
2990188,2011,jpg,BK-2009-255-1-01
1464494,2011,jpg,BK-2009-29
1285625,2011,jpg,BK-2010-16
1382371,2011,jpg,2008-64
3898,2011,jpg,P-SK-A-3902-01
2994,2007,jpg,M-NG-2006-61-0
3001,2007,jpg,STEEN-NG-1991-4-25-00
2454,2005,jpg,M-BK-1960-13-A-01
2456,2005,jpg,M-BK-1960-13-A-01
2978,2007,jpg,M-BK-2004-4-A-02
2978,2007,jpg,M-BK-2004-4-A-03
2979,2007,jpg,M-BK-2004-4-A-04
2452,2005,jpg,M-BK-NM-1010-00
2454,2005,jpg,M-BK-NM-1010-00
2450,2005,jpg,M-SK-A-1718-00
2619,2006,jpg,M-SK-A-1786
2451,2005,jpg,M-SK-A-2344-00
2453,2005,jpg,M-SK-A-2344-00
2452,2005,jpg,M-SK-A-3064-00
2453,2005,jpg,M-SK-A-3064-00
2620,2006,jpg,M-SK-A-404
2449,2005,jpg,M-SK-C-211-00
2449,2005,jpg,M-SK-C-211-00
2449,2005,jpg,M-SK-C-216-00
2451,2005,jpg,M-SK-C-216-00
2450,2005,jpg,M-SK-C-229-01
2452,2005,jpg,M-SK-C-229-01
2448,2005,jpg,M-SK-C-5-00
2448,2005,jpg,M-SK-C-5-00
2622,2005,jpg,P-SK-C-109-00
2619,2005,jpg,P-SK-C-149-00
2622,2005,jpg,P-SK-C-149-00
739018,2011,jpg,M-SK-A-170
142909,2011,jpg,M-SK-A-171
144708,2011,jpg,M-SK-A-173
81741,2011,jpg,M-SK-A-175
256531,2011,jpg,RP-P-OB-12
102093,2011,jpg,RP-T-1887-A-1063
108102,2011,jpg,RP-T-1981-1
195017,2011,jpg,RP-T-1992-12
37904,2012,jpg,SK-A-3467
7022,2012,jpg,SK-A-3467
168474,2012,jpg,SK-A-3467
9484,2012,jpg,SK-A-3467
129536,2012,jpg,SK-A-3467
7897,2012,jpg,SK-A-3467
189188,2012,jpg,SK-A-3467
13929,2012,jpg,SK-A-3467
2490,2012,jpg,SK-A-3467
172968,2012,jpg,SK-A-3467
141044,2016,png,BK-14454-01
294534,2016,png,BK-14612-01
140716,2016,png,BK-16115-03
56621,2016,png,BK-1959-67-03
252244,2016,png,BK-1960-179-02
30480,2016,png,BK-1967-51-01
144276,2016,png,BK-1967-66-01
95268,2016,png,BK-1973-236-01
297409,2016,png,BK-1978-320-02
279336,2016,png,BK-1978-402-02
124139,2016,png,BK-1978-407-01
107836,2016,png,BK-1979-230-01
123480,2016,png,BK-1979-238-01
89164,2016,png,BK-1984-158-05
193392,2016,png,BK-1986-76-01
133619,2016,png,BK-1993-84-00
46664,2016,png,BK-2001-30-01
135977,2016,png,BK-2007-17-01
164301,2016,png,BK-NM-11123-02
109009,2016,png,BK-NM-9820-02
200027,2016,png,NG-NM-11064-A-02
7809,2016,png,BK-14454-01
10567,2016,png,BK-14612-01
7412,2016,png,BK-16115-03
4345,2016,png,BK-1959-67-03
8582,2016,png,BK-1960-179-02
3319,2016,png,BK-1967-51-01
8320,2016,png,BK-1967-66-01
6863,2016,png,BK-1973-236-01
10658,2016,png,BK-1978-320-02
12772,2016,png,BK-1978-402-02
7165,2016,png,BK-1978-407-01
5428,2016,png,BK-1979-230-01
7130,2016,png,BK-1979-238-01
5254,2016,png,BK-1984-158-05
10830,2016,png,BK-1986-76-01
7760,2016,png,BK-1993-84-00
3770,2016,png,BK-2001-30-01
5914,2016,png,BK-2007-17-01
8555,2016,png,BK-NM-11123-02
6609,2016,png,BK-NM-9820-02
8029,2016,png,NG-NM-11064-A-02
11721,2002,jpg,A-100
12707,2004,jpg,A-65
12288,2002,jpg,A-69
13318,2002,jpg,A-76
11758,2003,jpg,AA-73
7836,2002,jpg,BB-7
12180,2004,jpg,M-NG-694-2-13-00-MIDDEL
