crawl_year,content_length,format,object_number
2012,2264665,jpg,SK-C-155
2012,4656770,jpg,SK-A-356
2012,4066297,jpg,SK-A-336
2012,1528595,jpg,SK-A-772
2012,4124666,jpg,SK-A-2338
2012,4956568,jpg,SK-C-131
2012,5104639,jpg,NG-41
2012,1909433,jpg,NG-1053
2012,1185911,jpg,BK-BR-738-A
2012,1177237,jpg,BK-BR-738-B
2011,184347,jpg,1440-1309
2012,3072201,jpg,RP-F-00-565
2012,1552463,jpg,SK-A-1340
2012,4730725,jpg,SK-C-1477
2012,3703883,jpg,SK-A-1247
2012,1707810,jpg,SK-A-141
2012,361424,jpg,NG-NM-7702
2012,6053448,jpg,NG-NM-7687
2012,4766312,jpg,NG-1977-278
2012,2232072,jpg,SK-A-2334
2012,6257485,jpg,SK-C-165
2012,5829240,jpg,SK-A-1164
2012,1452563,jpg,SK-A-1074
2012,1936602,jpg,SK-A-2953
2012,1935355,jpg,SK-A-349
2012,1100868,jpg,SK-A-1774
2012,5799999,jpg,SK-A-3946
2012,1049391,jpg,SK-C-1705
2011,4352040,jpg,SK-A-3929
2011,1551096,jpg,SK-A-1254
2011,4058908,jpg,SK-A-3022
2011,4264322,jpg,SK-A-747
2011,1587212,jpg,SK-A-1256
2011,1758306,jpg,SK-A-285
2011,4720572,jpg,SK-A-1292
2011,2142,jpg,SK-A-3841
2011,45531,jpg,SK-A-501
2011,24270,jpg,SK-A-3305
2011,1339,jpg,SK-A-3306
2011,34360,jpg,SK-A-3141
2011,1535,jpg,SK-A-2815
2011,41217,jpg,SK-A-671
2011,1853,jpg,SK-A-4986
2011,54668,jpg,SK-A-4706
2011,1767,jpg,SK-C-1349
2011,2047,jpg,SK-A-3467
2011,55559,jpg,SK-A-1688
2011,2293,jpg,SK-A-3146
2011,65435,jpg,SK-A-3145
2011,40519,jpg,SK-A-2312
2011,1992,jpg,SK-A-500
2011,2057,jpg,SK-A-2150
2011,1834,jpg,SK-A-3901
2011,1846,jpg,SK-A-1719
2011,1791,jpg,SK-A-2232
2012,1482266,jpg,NG-NM-7753-02
2011,1397,jpg,SK-A-2815-2
2011,1623,jpg,SK-A-2815-3
2011,1434,jpg,SK-A-2815-5
2011,1299,jpg,SK-A-2815-7
2011,1283,jpg,SK-A-2815-6
2011,1426,jpg,SK-A-2815-4
2011,1416,jpg,SK-A-2815-1
2011,1854,jpg,SK-A-3147-B
2011,1872,jpg,SK-A-3147-A
2012,5135540,jpg,RP-P-OB-200
2012,6886619,jpg,RP-P-OB-27
2012,6315790,jpg,RP-P-OB-69
2012,3516866,jpg,RP-P-OB-10
